"File Type","Statement Recipient Name","Statement Recipient ID","Party Name","Party ID","Legal Earner Party ID","Legal Earner Party Name","Distribution Date","Country Name","Society Name","Society Code","Performance Start Date","Performance End Date","Work Title","Work ID","Member's Share","Series Name","Program Name","$ GENERAL","$ RADIO","$ TV","$ TV-FILM","$ CINEMA","$ TOTAL","Adjustment Distribution Date","Adjustment Indicator","Role Type"
"F","MARC ADAM PEPPERMAN","1764932","MARC ADAM PEPPERMAN","1764932","","","02-09-2015","AUSTRALIA","APRA","8","04-01-2014","06-30-2014","DECK THE HALLS","280987328","","GOSSIP GIRL","ROMAN HOLIDAY","0.19","","","","","0.19","","","OWNER-COLLECTOR"
"F","MARC ADAM PEPPERMAN","1764932","MARC ADAM PEPPERMAN","1764932","","","02-09-2015","ITALY","SIAE","74","07-01-2013","12-31-2013","DECK THE HALLS","280987328","","GOSSIP GIRL I","FIDANZATO TUTTO SUO","","","","3.48","","3.48","","","OWNER-COLLECTOR"
"F","MARC ADAM PEPPERMAN","1764932","MARC ADAM PEPPERMAN","1764932","","","02-09-2015","BELGIUM","SABAM","55","01-01-2013","12-31-2013","FAILING","","","C S I MIAMI X 4 LOOK WHOS TAUN","LOOK WHOS TAUNTING (INT'L)","","","","2.12","","2.12","","","OWNER-COLLECTOR"
"F","MARC ADAM PEPPERMAN","1764932","MARC ADAM PEPPERMAN","1764932","","","02-09-2015","GREECE","AEPI","3","03-01-2012","08-31-2012","KYLE XY","","","KYLE XY","","","","","0.23","","0.23","","","OWNER-COLLECTOR"
"F","MARC ADAM PEPPERMAN","1764932","MARC ADAM PEPPERMAN","1764932","","","02-09-2015","UNITED KINGDOM","PRS","52","04-01-2014","06-30-2014","FIGHT SONG","362313579","","","","0.11","","","","","0.11","","","OWNER-COLLECTOR"
"F","MARC ADAM PEPPERMAN","1764932","MARC ADAM PEPPERMAN","1764932","","","02-09-2015","ITALY","SIAE","74","07-01-2013","12-31-2013","FIGHT SONG","362313579","","GOSSIP GIRL I","RAGAZZE SULL ORLO DI UNA CRI","","","","2.78","","2.78","","","OWNER-COLLECTOR"
"F","MARC ADAM PEPPERMAN","1764932","MARC ADAM PEPPERMAN","1764932","","","02-09-2015","UNITED KINGDOM","PRS","52","04-01-2014","06-30-2014","FIGHT SONG","362313579","","SUPERNATURAL","","","","","0.07","","0.07","","","OWNER-COLLECTOR"
"F","MARC ADAM PEPPERMAN","1764932","MARC ADAM PEPPERMAN","1764932","","","02-09-2015","AUSTRIA","AKM","5","01-01-2013","12-31-2013","FIGHT SONG","362313579","","SUPERNATURAL","LAZARUS RISING","","","","0.16","","0.16","","","OWNER-COLLECTOR"
"F","MARC ADAM PEPPERMAN","1764932","MARC ADAM PEPPERMAN","1764932","","","02-09-2015","FRANCE","SACEM","58","04-01-2014","06-30-2014","FIGHT SONG","362313579","","","","0.02","","","","","0.02","","","OWNER-COLLECTOR"
"F","MARC ADAM PEPPERMAN","1764932","MARC ADAM PEPPERMAN","1764932","","","02-09-2015","UNITED KINGDOM","PRS","52","04-01-2014","06-30-2014","FIGHT SONG","362313579","","SUPERNATURAL","LAZARUS RISING","","","","0.09","","0.09","","","OWNER-COLLECTOR"
"F","MARC ADAM PEPPERMAN","1764932","MARC ADAM PEPPERMAN","1764932","","","02-09-2015","ROMANIA","UCMR-ADA","115","07-01-2013","06-30-2014","FIGHT SONG","362313579","","SUPERNATURAL / SEZ 04 EP 01 LA","SEZ 04 EP 01 LAZARUS RISING","","","","","0.05","0.05","","","OWNER-COLLECTOR"
"F","MARC ADAM PEPPERMAN","1764932","MARC ADAM PEPPERMAN","1764932","","","02-09-2015","AUSTRALIA","APRA","8","04-01-2014","06-30-2014","FIGHT SONG","362313579","","","","0.02","","","","","0.02","","","OWNER-COLLECTOR"
"F","MARC ADAM PEPPERMAN","1764932","MARC ADAM PEPPERMAN","1764932","","","02-09-2015","BELGIUM","SABAM","55","01-01-2013","12-31-2013","FIGHT SONG","362313579","","SUPERNATURAL IV 1 LAZARUS RISI","LAZARUS RISING","","","","0.39","","0.39","","","OWNER-COLLECTOR"
"F","MARC ADAM PEPPERMAN","1764932","MARC ADAM PEPPERMAN","1764932","","","02-09-2015","JAPAN","JASRAC","38","01-01-2014","03-31-2014","FIGHT SONG","362313579","","","","0.11","","","","","0.11","","","OWNER-COLLECTOR"
"F","MARC ADAM PEPPERMAN","1764932","MARC ADAM PEPPERMAN","1764932","","","02-09-2015","MEXICO","SACM","59","04-01-2014","03-31-2014","FIGHT SONG","362313579","","","","0.01","","","","","0.01","","","OWNER-COLLECTOR"
"F","MARC ADAM PEPPERMAN","1764932","MARC ADAM PEPPERMAN","1764932","","","02-09-2015","DENMARK","KODA","40","01-01-2014","03-31-2014","FIGHT SONG","362313579","","SUPERNATURAL","LAZARUS RISING","","0.01","","","","0.01","","","OWNER-COLLECTOR"
"F","MARC ADAM PEPPERMAN","1764932","MARC ADAM PEPPERMAN","1764932","","","02-09-2015","DENMARK","KODA","40","01-01-2014","03-31-2014","FIGHT SONG","362313579","","GOSSIP GIRL","WOMAN ON THE VERGE","","0.02","","","","0.02","","","OWNER-COLLECTOR"
"F","MARC ADAM PEPPERMAN","1764932","MARC ADAM PEPPERMAN","1764932","","","02-09-2015","GREECE","AEPI","3","03-01-2012","08-31-2012","FIGHT SONG","362313579","","","","0.01","","","","","0.01","","","OWNER-COLLECTOR"
"F","MARC ADAM PEPPERMAN","1764932","MARC ADAM PEPPERMAN","1764932","","","02-09-2015","AUSTRALIA","APRA","8","04-01-2014","06-30-2014","FIGHT SONG","362313579","","GOSSIP GIRL","WOMAN ON THE VERGE","0.13","","","","","0.13","","","OWNER-COLLECTOR"
"F","MARC ADAM PEPPERMAN","1764932","MARC ADAM PEPPERMAN","1764932","","","02-09-2015","AUSTRIA","AKM","5","01-01-2013","12-31-2013","THE NERVE","504986154","","GOSSIP GIRL","GRANDFATHER, THE: PART II","","","","1.93","","1.93","","","OWNER-COLLECTOR"
"F","MARC ADAM PEPPERMAN","1764932","MARC ADAM PEPPERMAN","1764932","","","02-09-2015","ITALY","SIAE","74","07-01-2013","12-31-2013","CLOVEN","883929729","","","","","","-0.04","","","-0.04","","","OWNER-COLLECTOR"
"F","MARC ADAM PEPPERMAN","1764932","MARC ADAM PEPPERMAN","1764932","","","02-09-2015","AUSTRALIA","APRA","8","04-01-2014","06-30-2014","CLOVEN","883929729","","CSI MIAMI","LOOK WHOS TAUNTING","","","","0.17","","0.17","","","OWNER-COLLECTOR"
"F","MARC ADAM PEPPERMAN","1764932","MARC ADAM PEPPERMAN","1764932","","","02-09-2015","JAPAN","JASRAC","38","01-01-2014","03-31-2014","CLOVEN","883929729","","C S I MIAMI","LOOK WHO S TAUNTING","","","","3.05","","3.05","","","OWNER-COLLECTOR"
"F","MARC ADAM PEPPERMAN","1764932","MARC ADAM PEPPERMAN","1764932","","","02-09-2015","NETHERLANDS","BUMA","23","01-01-2013","12-31-2013","CLOVEN","883929729","","CSI MIAMI","4 SERIE X","","","","2.90","","2.90","","","OWNER-COLLECTOR"
"F","MARC ADAM PEPPERMAN","1764932","MARC ADAM PEPPERMAN","1764932","","","02-09-2015","ROMANIA","UCMR-ADA","115","07-01-2013","06-30-2014","CONTORTIONISTS","333506951","","","","","","0.05","","","0.05","","","OWNER-COLLECTOR"
"F","MARC ADAM PEPPERMAN","1764932","MARC ADAM PEPPERMAN","1764932","","","02-09-2015","POLAND","ZAIKS","97","01-01-2014","06-30-2014","ADDDODTKOWA WYROWNAWCZA TVN 20","","","","","","","0.27","","","0.27","","","OWNER-COLLECTOR"
"F","MARC ADAM PEPPERMAN","1764932","MARC ADAM PEPPERMAN","1764932","","","02-09-2015","POLAND","ZAIKS","97","01-01-2014","06-30-2014","ADDREPARTYCJA DODATKOWA Z SN T","","","","","","","0.07","","","0.07","","","OWNER-COLLECTOR"
"F","MARC ADAM PEPPERMAN","1764932","MARC ADAM PEPPERMAN","1764932","","","02-09-2015","ROMANIA","UCMR-ADA","115","07-01-2013","06-30-2014","BUILDINGS AND MOUNTAINS","323344396","","","","","0.90","0.07","","","0.97","","","OWNER-COLLECTOR"
"F","MARC ADAM PEPPERMAN","1764932","MARC ADAM PEPPERMAN","1764932","","","02-09-2015","GREECE","AEPI","3","03-01-2012","08-31-2012","BUILDINGS AND MOUNTAINS","323344396","","GREY S ANATOMY (SEASON 4)","","","","","0.31","","0.31","","","OWNER-COLLECTOR"
"F","MARC ADAM PEPPERMAN","1764932","MARC ADAM PEPPERMAN","1764932","","","02-09-2015","UNITED KINGDOM","PRS","52","04-01-2014","06-30-2014","BUILDINGS AND MOUNTAINS","323344396","","","","0.03","","","","","0.03","","","OWNER-COLLECTOR"
"F","MARC ADAM PEPPERMAN","1764932","MARC ADAM PEPPERMAN","1764932","","","02-09-2015","DENMARK","KODA","40","01-01-2014","03-31-2014","BUILDINGS AND MOUNTAINS","323344396","","GREY'S ANATOMY","PIECE OF MY HEART","","0.02","","","","0.02","","","OWNER-COLLECTOR"
"F","MARC ADAM PEPPERMAN","1764932","MARC ADAM PEPPERMAN","1764932","","","02-09-2015","FRANCE","SACEM","58","04-01-2014","06-30-2014","BUILDINGS AND MOUNTAINS","323344396","","","","","0.01","","","","0.01","","","OWNER-COLLECTOR"
"F","MARC ADAM PEPPERMAN","1764932","MARC ADAM PEPPERMAN","1764932","","","02-09-2015","DENMARK","KODA","40","01-01-2014","03-31-2014","BUILDINGS AND MOUNTAINS","323344396","","GOSSIP GIRL","EX FILES","","0.01","","","","0.01","","","OWNER-COLLECTOR"
"F","MARC ADAM PEPPERMAN","1764932","MARC ADAM PEPPERMAN","1764932","","","02-09-2015","DENMARK","KODA","40","01-01-2014","03-31-2014","BUILDINGS AND MOUNTAINS","323344396","","","","","0.02","","","","0.02","","","OWNER-COLLECTOR"
"F","MARC ADAM PEPPERMAN","1764932","MARC ADAM PEPPERMAN","1764932","","","02-09-2015","BELGIUM","SABAM","55","01-01-2013","12-31-2013","BUILDINGS AND MOUNTAINS","323344396","","","","0.01","","","","","0.01","","","OWNER-COLLECTOR"
"F","MARC ADAM PEPPERMAN","1764932","MARC ADAM PEPPERMAN","1764932","","","02-09-2015","AUSTRIA","AKM","5","01-01-2013","12-31-2013","BUILDINGS AND MOUNTAINS","323344396","","GREY'S ANATOMY S4","PIECE OF MY HEART","","","","2.20","","2.20","","","OWNER-COLLECTOR"
"F","MARC ADAM PEPPERMAN","1764932","MARC ADAM PEPPERMAN","1764932","","","02-09-2015","AUSTRIA","AKM","5","01-01-2013","12-31-2013","BUILDINGS AND MOUNTAINS","323344396","","GREY'S ANATOMY","PIECE OF MY HEART","","","","0.20","","0.20","","","OWNER-COLLECTOR"
"F","MARC ADAM PEPPERMAN","1764932","MARC ADAM PEPPERMAN","1764932","","","02-09-2015","ITALY","SIAE","74","07-01-2013","12-31-2013","BUILDINGS AND MOUNTAINS","323344396","","GREY S ANATOMY IV","PIECE OF MY HEART","","","","1.57","","1.57","","","OWNER-COLLECTOR"
"F","MARC ADAM PEPPERMAN","1764932","MARC ADAM PEPPERMAN","1764932","","","02-09-2015","BELGIUM","SABAM","55","01-01-2013","12-31-2013","BUILDINGS AND MOUNTAINS","323344396","","GREY S ANATOMY IV 13 PIECE OF","PIECE OF MY HEART","","","","0.41","","0.41","","","OWNER-COLLECTOR"
"F","MARC ADAM PEPPERMAN","1764932","MARC ADAM PEPPERMAN","1764932","","","02-09-2015","MEXICO","SACM","59","04-01-2014","03-31-2014","BUILDINGS AND MOUNTAINS","323344396","","","","0.01","","","","","0.01","","","OWNER-COLLECTOR"
"F","MARC ADAM PEPPERMAN","1764932","MARC ADAM PEPPERMAN","1764932","","","02-09-2015","GREECE","AEPI","3","03-01-2012","08-31-2012","BUILDINGS AND MOUNTAINS","323344396","","","","0.01","","","","","0.01","","","OWNER-COLLECTOR"
"F","MARC ADAM PEPPERMAN","1764932","MARC ADAM PEPPERMAN","1764932","","","02-09-2015","HUNGARY","ARTISJUS","9","01-01-2013","12-30-2013","BUILDINGS AND MOUNTAINS","323344396","","GOSSIP GIRL II 4","EX FILES","0.01","","","0.08","","0.09","","","OWNER-COLLECTOR"
"F","MARC ADAM PEPPERMAN","1764932","MARC ADAM PEPPERMAN","1764932","","","02-09-2015","HUNGARY","ARTISJUS","9","01-01-2013","12-30-2013","BUILDINGS AND MOUNTAINS","323344396","","GREY S ANATOMY IV 13","PIECE OF MY HEART","0.03","","","0.20","","0.23","","","OWNER-COLLECTOR"
"F","MARC ADAM PEPPERMAN","1764932","MARC ADAM PEPPERMAN","1764932","","","02-09-2015","UNITED KINGDOM","PRS","52","04-01-2014","06-30-2014","BUILDINGS AND MOUNTAINS","323344396","","GREYS ANATOMY","PIECE OF MY HEART","","","","0.10","","0.10","","","OWNER-COLLECTOR"
"F","MARC ADAM PEPPERMAN","1764932","MARC ADAM PEPPERMAN","1764932","","","02-09-2015","HUNGARY","ARTISJUS","9","01-01-2013","12-30-2013","BUILDINGS AND MOUNTAINS","323344396","","CHUCK II 7","CHUCK VERSUS THE FAT LADY","","","","0.05","","0.05","","","OWNER-COLLECTOR"
"F","MARC ADAM PEPPERMAN","1764932","MARC ADAM PEPPERMAN","1764932","","","02-09-2015","AUSTRALIA","APRA","8","04-01-2014","06-30-2014","BUILDINGS AND MOUNTAINS","323344396","","","","0.08","","","","","0.08","","","OWNER-COLLECTOR"
"F","MARC ADAM PEPPERMAN","1764932","MARC ADAM PEPPERMAN","1764932","","","02-09-2015","ITALY","SIAE","74","07-01-2013","12-31-2013","BUILDINGS AND MOUNTAINS","323344396","","","","","","2.41","","","2.41","","","OWNER-COLLECTOR"
"F","MARC ADAM PEPPERMAN","1764932","MARC ADAM PEPPERMAN","1764932","","","02-09-2015","AUSTRALIA","APRA","8","04-01-2014","06-30-2014","BUILDINGS AND MOUNTAINS","323344396","","GOSSIP GIRL","EX FILES","0.07","","","","","0.07","","","OWNER-COLLECTOR"
"F","MARC ADAM PEPPERMAN","1764932","MARC ADAM PEPPERMAN","1764932","","","02-09-2015","JAPAN","JASRAC","38","01-01-2014","03-31-2014","MADE CONCRETE","433307736","","","","0.02","","","","","0.02","","","OWNER-COLLECTOR"
"F","MARC ADAM PEPPERMAN","1764932","MARC ADAM PEPPERMAN","1764932","","","02-09-2015","DENMARK","KODA","40","01-01-2014","03-31-2014","MADE CONCRETE","433307736","","GOSSIP GIRL","SERENA ALSO RISES","","0.02","","","","0.02","","","OWNER-COLLECTOR"
"F","MARC ADAM PEPPERMAN","1764932","MARC ADAM PEPPERMAN","1764932","","","02-09-2015","HUNGARY","ARTISJUS","9","01-01-2013","12-30-2013","MADE CONCRETE","433307736","","GOSSIP GIRL II 5","SERENA ALSO RISES","0.01","","","0.10","","0.11","","","OWNER-COLLECTOR"
"F","MARC ADAM PEPPERMAN","1764932","MARC ADAM PEPPERMAN","1764932","","","02-09-2015","AUSTRALIA","APRA","8","04-01-2014","06-30-2014","MADE CONCRETE","433307736","","GOSSIP GIRL","SERENA ALSO RISES","0.11","","","","","0.11","","","OWNER-COLLECTOR"
"F","MARC ADAM PEPPERMAN","1764932","MARC ADAM PEPPERMAN","1764932","","","02-09-2015","ITALY","SIAE","74","07-01-2013","12-31-2013","MADE CONCRETE","433307736","","","","","","5.51","","","5.51","","","OWNER-COLLECTOR"
"F","MARC ADAM PEPPERMAN","1764932","MARC ADAM PEPPERMAN","1764932","","","02-09-2015","BELGIUM","SABAM","55","01-01-2013","12-31-2013","NERVE DANCE REMIX","","","GOSSIP GIRL III 8 GRANDFATHER:","GRANDFATHER: PART II","","","","0.14","","0.14","","","OWNER-COLLECTOR"
"F","MARC ADAM PEPPERMAN","1764932","MARC ADAM PEPPERMAN","1764932","","","02-09-2015","UNITED KINGDOM","PRS","52","04-01-2014","06-30-2014","THE INFIDEL","882929927","","","","0.19","","","","","0.19","","","OWNER-COLLECTOR"
"F","MARC ADAM PEPPERMAN","1764932","MARC ADAM PEPPERMAN","1764932","","","02-09-2015","UNITED KINGDOM","PRS","52","04-01-2014","06-30-2014","THE INFIDEL","882929927","","GREYS ANATOMY","WHITE WEDDING","","","","0.10","","0.10","","","OWNER-COLLECTOR"
"F","MARC ADAM PEPPERMAN","1764932","MARC ADAM PEPPERMAN","1764932","","","02-09-2015","BELGIUM","SABAM","55","01-01-2013","12-31-2013","THE INFIDEL","882929927","","GREY S ANATOMY VII 20 WHITE WE","WHITE WEDDING","","","","0.27","","0.27","","","OWNER-COLLECTOR"
"F","MARC ADAM PEPPERMAN","1764932","MARC ADAM PEPPERMAN","1764932","","","02-09-2015","DENMARK","KODA","40","01-01-2014","03-31-2014","THE INFIDEL","882929927","","GREY'S ANATOMY","WHITE WEDDING","","0.04","","","","0.04","","","OWNER-COLLECTOR"
"F","MARC ADAM PEPPERMAN","1764932","MARC ADAM PEPPERMAN","1764932","","","02-09-2015","GREECE","AEPI","3","03-01-2012","08-31-2012","THE INFIDEL","882929927","","GREY S ANATOMY ANT1 2011","","","","","1.21","","1.21","","","OWNER-COLLECTOR"
"F","MARC ADAM PEPPERMAN","1764932","MARC ADAM PEPPERMAN","1764932","","","02-09-2015","JAPAN","JASRAC","38","01-01-2014","03-31-2014","THE INFIDEL","882929927","","","","0.09","","","","","0.09","","","OWNER-COLLECTOR"
"F","MARC ADAM PEPPERMAN","1764932","MARC ADAM PEPPERMAN","1764932","","","02-09-2015","MEXICO","SACM","59","04-01-2014","03-31-2014","THE INFIDEL","882929927","","","","0.01","","","","","0.01","","","OWNER-COLLECTOR"
"F","MARC ADAM PEPPERMAN","1764932","MARC ADAM PEPPERMAN","1764932","","","02-09-2015","AUSTRALIA","APRA","8","04-01-2014","06-30-2014","THE INFIDEL","882929927","","","","0.03","","","","","0.03","","","OWNER-COLLECTOR"
"F","MARC ADAM PEPPERMAN","1764932","MARC ADAM PEPPERMAN","1764932","","","02-09-2015","ITALY","SIAE","74","07-01-2013","12-31-2013","THE INFIDEL","882929927","","","","","","-0.13","","","-0.13","","","OWNER-COLLECTOR"
